title,ratings,time_period,image
1. Breaking Bad,9.5 (2.3M),2008–2013,https://tinyurl.com/269uv5pl
2. Planet Earth II,9.4 (166K),2016,https://tinyurl.com/28lvnxft
3. Planet Earth,9.4 (227K),2006,https://tinyurl.com/26l2p9o8
4. Band of Brothers,9.4 (562K),2001,https://tinyurl.com/2648gd97
5. Chernobyl,9.3 (949K),2019,https://tinyurl.com/2aosr92r
6. The Wire,9.3 (403K),2002–2008,https://tinyurl.com/2xs6qwnc
7. Avatar: The Last Airbender,9.3 (406K),2005–2008,https://tinyurl.com/2523el3f
8. Blue Planet II,9.3 (52K),2017,https://tinyurl.com/23yllpea
9. The Sopranos,9.2 (524K),1999–2007,https://tinyurl.com/24w3dmj2
10. Cosmos: A Spacetime Odyssey,9.2 (134K),2014,https://tinyurl.com/23yejbd2
11. Cosmos,9.3 (48K),1980,https://tinyurl.com/2cy3a2gj
12. Our Planet,9.2 (57K),2019–2023,https://tinyurl.com/2beqmq3p
13. Game of Thrones,9.2 (2.4M),2011–2019,https://tinyurl.com/23na2o7q
14. Bluey,9.3 (38K),2018– ,https://tinyurl.com/29nbwqxq
15. The World at War,9.2 (33K),1973–1974,https://tinyurl.com/278pbrsl
16. Hagane no renkinjutsushi,9.1 (221K),2009–2010,https://tinyurl.com/27cbrnon
17. Life,9.1 (46K),2009,https://tinyurl.com/28wh272r
18. Rick and Morty,9.1 (649K),2013– ,https://tinyurl.com/23qy8tvt
19. The Last Dance,9.0 (166K),2020,https://tinyurl.com/29j7rbz4
20. The Twilight Zone,9.0 (101K),1959–1964,https://tinyurl.com/2cxdaekq
21. Shingeki no Kyojin,9.1 (609K),2013–2023,https://tinyurl.com/27dl98w5
22. The Vietnam War,9.1 (31K),2017,https://tinyurl.com/26xbdcrq
23. Sherlock,9.0 (1M),2010–2017,https://tinyurl.com/2ckp9s6r
24. Batman: The Animated Series,9.0 (127K),1992–1995,https://tinyurl.com/23chl3jk
25. Arcane: League of Legends,9.0 (395K),2021–2024,https://tinyurl.com/228lwv3u
26. Better Call Saul,9.0 (731K),2015–2022,https://tinyurl.com/26zzlzyd
27. The Office,9.0 (775K),2005–2013,https://tinyurl.com/23gcvp8w
28. The Blue Planet,9.0 (46K),2001,https://tinyurl.com/2yqls5fv
29. Scam 1992: The Harshad Mehta Story,9.2 (165K),2020,https://tinyurl.com/27me9nh3
30. Clarkson's Farm,9.0 (72K),2021– ,https://tinyurl.com/2bogp9zo
31. Human Planet,9.0 (30K),2011,https://tinyurl.com/2ywwh733
32. Frozen Planet,9.0 (36K),2011–2012,https://tinyurl.com/23k4one7
33. Hunter x Hunter,9.0 (164K),2011–2014,https://tinyurl.com/28fyjyh2
34. Only Fools and Horses,9.0 (61K),1981–2003,https://tinyurl.com/2clv6mu5
35. Firefly,8.9 (291K),2002–2003,https://tinyurl.com/2ddjlk8y
36. The Civil War,9.0 (21K),1990,https://tinyurl.com/24rll3zy
37. Death Note: Desu nôto,8.9 (425K),2006–2007,https://tinyurl.com/29cn2sto
38. Gravity Falls,8.9 (157K),2012–2016,https://tinyurl.com/24llj6g8
39. Gibi,9.0 (29K),2021– ,https://tinyurl.com/25j3xjrm
40. Seinfeld,8.9 (369K),1989–1998,https://tinyurl.com/23yugz7k
41. Dekalog,8.9 (31K),1989–1990,https://tinyurl.com/2ylkkm38
42. The Beatles: Get Back,8.9 (32K),2021,https://tinyurl.com/2dd5gp5z
43. Kaubôi bibappu: Cowboy Bebop,8.9 (154K),1998–1999,https://tinyurl.com/256a8k77
44. True Detective,8.9 (702K),2014– ,https://tinyurl.com/246o2vgc
45. Fargo,8.8 (445K),2014–2024,https://tinyurl.com/29wuld2k
46. Nathan for You,8.9 (44K),2013–2017,https://tinyurl.com/24la2tys
47. The Pitt,8.9 (45K),2025– ,https://tinyurl.com/2dym6apz
48. Sahsiyet,9.0 (52K),2018–2024,https://tinyurl.com/2274jpw6
49. Apocalypse: La 2ème guerre mondiale,9.0 (17K),2009,https://tinyurl.com/2948zoq6
50. Taskmaster,9.0 (25K),2015– ,https://tinyurl.com/256j3dxh
51. Sôsô no Furîren,8.9 (41K),2023– ,https://tinyurl.com/23lwpx4a
52. Africa,8.9 (19K),2013,https://tinyurl.com/2djhywlo
53. When They See Us,8.8 (148K),2019,https://tinyurl.com/26dephxk
54. Friends,8.9 (1.1M),1994–2004,https://tinyurl.com/29kp7gms
55. Last Week Tonight with John Oliver,8.8 (100K),2014– ,https://tinyurl.com/26tobrty
56. It's Always Sunny in Philadelphia,8.8 (266K),2005– ,https://tinyurl.com/2yb8enlh
57. Succession,8.8 (317K),2018–2023,https://tinyurl.com/24ztgrt4
58. The West Wing,8.9 (92K),1999–2006,https://tinyurl.com/24n5wbkw
59. TVF Pitchers,9.1 (76K),2015–2022,https://tinyurl.com/2yrsl62a
60. One Piece: Wan pîsu,9.0 (297K),1999– ,https://tinyurl.com/2d6w8jvz
61. Curb Your Enthusiasm,8.8 (157K),2000–2024,https://tinyurl.com/26gpdk3c
62. Monty Python's Flying Circus,8.8 (82K),1969–1974,https://tinyurl.com/2bt88r93
63. Das Boot,8.8 (36K),1985,https://tinyurl.com/25a3qu4h
64. BoJack Horseman,8.8 (210K),2014–2020,https://tinyurl.com/23qcp7d9
65. Fawlty Towers,8.8 (105K),1975–1979,https://tinyurl.com/2337r9b3
66. Panchayat,9.0 (103K),2020– ,https://tinyurl.com/23y33xvm
67. The Chosen,9.1 (58K),2017– ,https://tinyurl.com/26cnxhcp
68. Dragon Ball Z,8.8 (162K),1996–2003,https://tinyurl.com/26edjumn
69. Leyla ile Mecnun,9.0 (100K),2011–2023,https://tinyurl.com/26vzfvn3
70. Blackadder Goes Forth,8.8 (60K),1989,https://tinyurl.com/26s4ctc4
71. Bleach: Sennen Kessen-hen,9.0 (61K),2022– ,https://tinyurl.com/26mwkmfa
72. Pride and Prejudice,8.8 (98K),1995,https://tinyurl.com/2clavavc
73. Freaks and Geeks,8.8 (160K),1999–2000,https://tinyurl.com/2c8tmlpa
74. Twin Peaks,8.7 (232K),1990–1991,https://tinyurl.com/254w4egk
75. Dragon Ball Z: Doragon bôru zetto,8.8 (96K),1989–1996,https://tinyurl.com/2cnfmjaq
76. Chappelle's Show,8.8 (76K),2003–2006,https://tinyurl.com/23dheedl
77. Narcos,8.7 (501K),2015–2017,https://tinyurl.com/26lg3n6k
78. Vinland Saga,8.8 (100K),2019–2023,https://tinyurl.com/22voc2qu
79. Gullak,9.1 (26K),2019– ,https://tinyurl.com/246y6ytg
"80. I, Claudius",8.8 (21K),1976,https://tinyurl.com/2cz3rvco
81. Kota Factory,9.0 (88K),2019–2021,https://tinyurl.com/2xlxyqb4
82. South Park,8.7 (423K),1997– ,https://tinyurl.com/23otawdg
83. Eungdaphara 1988,9.0 (16K),2015–2016,https://tinyurl.com/2af35w8m
84. Black Mirror,8.7 (692K),2011– ,https://tinyurl.com/29vqjld8
85. Pokssak Sogatsuda,9.2 (17K),2025,https://tinyurl.com/27mmbyn9
86. Ted Lasso,8.8 (400K),2020– ,https://tinyurl.com/26h33ful
87. Over the Garden Wall,8.7 (80K),2014,https://tinyurl.com/24q2zau5
88. Peaky Blinders,8.7 (711K),2013–2022,https://tinyurl.com/28fr9v9s
89. Steins;Gate,8.8 (83K),2011–2015,https://tinyurl.com/2a8wjbmp
90. Six Feet Under,8.7 (159K),2001–2005,https://tinyurl.com/28yth9s3
91. Naui ajusshi,9.0 (13K),2018,https://tinyurl.com/27vfbg87
92. Rome,8.7 (195K),2005–2007,https://tinyurl.com/2ylh5msy
93. X-Men '97,8.7 (45K),2024– ,https://tinyurl.com/2ddclufn
94. Oz,8.7 (112K),1997–2003,https://tinyurl.com/23fsbuv9
95. Kenpuu Denki Berserk,8.7 (66K),1997–1998,https://tinyurl.com/28xtqn9w
96. Dark,8.7 (491K),2017–2020,https://tinyurl.com/25e5dz8x
97. Severance,8.7 (315K),2022– ,https://tinyurl.com/2y3rk38y
98. Fleabag,8.7 (227K),2016–2019,https://tinyurl.com/264ogbcm
99. The Shield,8.7 (93K),2002–2008,https://tinyurl.com/28tklnbf
100. Downton Abbey,8.7 (235K),2010–2015,https://tinyurl.com/249skhmr
101. The Grand Tour,8.7 (91K),2016–2024,https://tinyurl.com/2clv9e62
102. Battlestar Galactica,8.7 (182K),2004–2009,https://tinyurl.com/24lsobqd
103. Mad Men,8.7 (275K),2007–2015,https://tinyurl.com/24tca83t
104. Peep Show,8.7 (71K),2003–2015,https://tinyurl.com/26qr258l
105. Blue Eye Samurai,8.7 (91K),2023– ,https://tinyurl.com/2ahe3fqa
106. The Simpsons,8.6 (453K),1989– ,https://tinyurl.com/22hbzddl
107. Invincible,8.7 (274K),2021– ,https://tinyurl.com/2dcoelbw
108. Star Trek: The Next Generation,8.7 (144K),1987–1994,https://tinyurl.com/2ywphhap
109. Monster,8.7 (57K),2004–2005,https://tinyurl.com/29azebq7
110. Naruto: Shippûden,8.7 (198K),2007–2017,https://tinyurl.com/2yqpfk8w
111. House M.D.,8.7 (558K),2004–2012,https://tinyurl.com/29d4af84
112. Arrested Development,8.6 (335K),2003–2019,https://tinyurl.com/286mq6ah
113. One Punch Man: Wanpanman,8.7 (202K),2015– ,https://tinyurl.com/265s67te
114. Justice League Unlimited,8.7 (23K),2004–2006,https://tinyurl.com/24trpsgu
115. The Adventures of Sherlock Holmes,8.7 (26K),1984–1985,https://tinyurl.com/24l8rsx7
116. Mahabharat,8.9 (25K),1988–1990,https://tinyurl.com/27l9qcd7
117. Line of Duty,8.7 (76K),2012–2026,https://tinyurl.com/2c6b84ou
118. Friday Night Lights,8.7 (76K),2006–2011,https://tinyurl.com/2ymvfnu5
119. The Boys,8.6 (776K),2019– ,https://tinyurl.com/22j3fjy4
120. The Last of Us,8.7 (652K),2023– ,https://tinyurl.com/2aqmjho9
121. The Marvelous Mrs. Maisel,8.7 (151K),2017–2023,https://tinyurl.com/24xyzo97
122. Top Gear,8.7 (132K),2002–2022,https://tinyurl.com/2b4rdlmt
123. Stranger Things,8.6 (1.4M),2016–2025,https://tinyurl.com/2ye5f9c7
124. How to with John Wilson,8.7 (16K),2020–2023,https://tinyurl.com/2bgrhfqf
125. The Thick of It,8.7 (28K),2005–2012,https://tinyurl.com/29c393cf
126. 1883: A Yellowstone Origin Story,8.7 (142K),2021–2022,https://tinyurl.com/2abmep3a
127. Behzat Ç.,8.8 (35K),2010–2019,https://tinyurl.com/2d7s2kqv
128. This Is Us,8.7 (168K),2016–2022,https://tinyurl.com/2225lwyw
129. Father Ted,8.6 (46K),1995–1998,https://tinyurl.com/2boel2l2
130. Sarabhai V/S Sarabhai,8.9 (19K),2004–2017,https://tinyurl.com/23tgs757
131. Aspirants,9.2 (316K),2021– ,https://tinyurl.com/24kh2scc
132. Kôdo Giasu: Hangyaku no Rurûshu,8.7 (91K),2006–2008,https://tinyurl.com/2y8u5bv9
133. The Mandalorian,8.6 (624K),2019– ,https://tinyurl.com/2d5jqlud
134. Parks and Recreation,8.6 (303K),2009–2015,https://tinyurl.com/26w3msx4
135. Adventure Time,8.6 (123K),2010–2018,https://tinyurl.com/2683f6pw
136. The X Files,8.6 (262K),1993–2018,https://tinyurl.com/2dcyxeym
137. Ramayan,9.0 (26K),1987–1988,https://tinyurl.com/2bynrwlc
138. Atlanta,8.6 (94K),2016–2022,https://tinyurl.com/22ml6354
139. House of Cards,8.6 (547K),2013–2018,https://tinyurl.com/2ypdr3rv
140. Deadwood,8.6 (124K),2004–2006,https://tinyurl.com/2ckqnbq9
141. Dexter,8.6 (843K),2006–2013,https://tinyurl.com/2btqfnj4
142. The Crown,8.6 (270K),2016–2023,https://tinyurl.com/265agm9r
143. Mr Inbetween,8.7 (40K),2018–2021,https://tinyurl.com/2bkc7wuf
144. It's a Sin,8.6 (39K),2021,https://tinyurl.com/2dqcuuzu
145. Daredevil,8.6 (505K),2015–2018,https://tinyurl.com/2ctqq7cf
146. Bron/Broen,8.6 (81K),2011–2018,https://tinyurl.com/2b2q73rj
147. Primal,8.6 (25K),2019– ,https://tinyurl.com/2695raw6
148. Blackadder II,8.6 (52K),1986,https://tinyurl.com/27jyhdgm
149. Lonesome Dove,8.7 (28K),1989,https://tinyurl.com/278uayw7
150. Poirot,8.6 (56K),1989–2013,https://tinyurl.com/27xbcyfh
151. Mindhunter,8.6 (367K),2017–2019,https://tinyurl.com/26zpc3uy
152. Shogun,8.6 (217K),2024–2026,https://tinyurl.com/2dfrznvw
153. Hajime no Ippo,8.8 (14K),2000–2002,https://tinyurl.com/24ef8jzh
154. Mr. Bean,8.6 (143K),1990–1995,https://tinyurl.com/25hyf6qp
155. The Penguin,8.6 (194K),2024,https://tinyurl.com/2aqveahj
156. The Return of Sherlock Holmes,8.7 (15K),1986–1988,https://tinyurl.com/25btmwtv
157. Sarangeui bulsachak,8.7 (51K),2019–2020,https://tinyurl.com/22ksrb34
158. The Offer,8.6 (46K),2022,https://tinyurl.com/235xnc3h
159. The Jinx: The Life and Deaths of Robert Durst,8.6 (56K),2015–2024,https://tinyurl.com/23a5fjxb
160. Haikyû!!,8.7 (45K),2014–2020,https://tinyurl.com/2czd4akz
161. Gomorrah,8.6 (47K),2014–2021,https://tinyurl.com/2xkl3tf7
162. Yes Minister,8.6 (18K),1980–1984,https://tinyurl.com/2apxpg6d
163. Pose,8.6 (35K),2018–2021,https://tinyurl.com/2aeo82cp
164. Scavengers Reign,8.6 (30K),2023,https://tinyurl.com/2adsvc7q
165. Blackadder the Third,8.6 (49K),1987,https://tinyurl.com/2257f9be
166. Greatest Events of WWII in Colour,8.6 (13K),2019,https://tinyurl.com/2ar5gozr
167. Anne with an E,8.6 (74K),2017–2019,https://tinyurl.com/22pcc8t7
168. Critical Role,9.0 (14K),2015– ,https://tinyurl.com/22oh2zo8
169. Le bureau des légendes,8.7 (17K),2015–2020,https://tinyurl.com/233h6crr
170. Mystery Science Theater 3000,8.6 (27K),1988–1999,https://tinyurl.com/24m9ekec
171. The Newsroom,8.6 (130K),2012–2014,https://tinyurl.com/294px9b5
172. Archer,8.6 (172K),2009–2023,https://tinyurl.com/29k69uyk
173. Dopesick,8.6 (86K),2021,https://tinyurl.com/26ma2lyy
174. Boardwalk Empire,8.6 (211K),2010–2014,https://tinyurl.com/22pmwdej
175. El Chavo del Ocho,8.7 (15K),1972–1983,https://tinyurl.com/2d6vxztu
176. Homicide: Life on the Street,8.7 (16K),1993–1999,https://tinyurl.com/2xwvrs45
177. Yeh Meri Family,8.9 (27K),2018– ,https://tinyurl.com/28cfb2tz
178. Young Justice,8.6 (49K),2010–2022,https://tinyurl.com/2dlhxgfd
179. QI,8.6 (35K),2003– ,https://tinyurl.com/25qj7kwz
180. Justified,8.6 (125K),2010–2015,https://tinyurl.com/2cwsjhlu
181. The Bugs Bunny Show,8.6 (37K),1960–1975,https://tinyurl.com/2xjy26md
182. Kimetsu no Yaiba,8.6 (187K),2019– ,https://tinyurl.com/2dxnt7qt
183. The Family Man,8.7 (104K),2019– ,https://tinyurl.com/28u8edxm
184. What We Do in the Shadows,8.6 (119K),2019–2024,https://tinyurl.com/25v2pzpl
185. Dragon Ball: Doragon bôru,8.5 (72K),1986–1989,https://tinyurl.com/2adzb7me
186. The Haunting of Hill House,8.5 (310K),2018,https://tinyurl.com/227fo87w
187. Battlestar Galactica,8.5 (83K),2003,https://tinyurl.com/2aawf47h
188. Justice League,8.5 (55K),2001–2004,https://tinyurl.com/2c39erff
189. Dragon Ball,8.5 (70K),1995–2003,https://tinyurl.com/2ag47b4b
190. Endeavour,8.6 (36K),2012–2023,https://tinyurl.com/28yk7uk9
191. The Venture Bros.,8.6 (30K),2003–2018,https://tinyurl.com/23qxxsu8
"192. Yes, Prime Minister",8.6 (14K),1986–1987,https://tinyurl.com/26tyxbrl
193. Samurai Chanpurû,8.5 (60K),2004–2005,https://tinyurl.com/263a6aaz
194. Flight of the Conchords,8.5 (68K),2007–2009,https://tinyurl.com/22ndr8mx
195. The Queen's Gambit,8.5 (617K),2020,https://tinyurl.com/27dulcft
196. Rocket Boys,8.8 (19K),2022– ,https://tinyurl.com/2dp4cz7g
197. The IT Crowd,8.5 (171K),2006–2013,https://tinyurl.com/23konvga
198. Coupling,8.5 (49K),2000–2004,https://tinyurl.com/26xq2zkn
199. Senke nad Balkanom,8.8 (13K),2017–2020,https://tinyurl.com/2ch4zv94
200. Mr. Robot,8.5 (441K),2015–2019,https://tinyurl.com/298vr8eu
201. Making a Murderer,8.5 (106K),2015–2018,https://tinyurl.com/2yktdx5r
202. I'm Alan Partridge,8.6 (23K),1997–2002,https://tinyurl.com/2xv5ju64
203. Ezel,8.6 (41K),2009–2011,https://tinyurl.com/22etljuc
204. Ore dake Level Up na Ken,8.6 (76K),2024– ,https://tinyurl.com/2dcx485l
205. The Bear,8.5 (269K),2022– ,https://tinyurl.com/22oatajy
206. Samurai Jack,8.5 (63K),2001–2017,https://tinyurl.com/23kft5nx
207. Detectorists,8.6 (24K),2014–2022,https://tinyurl.com/2c8pnbqm
208. Happy Valley,8.5 (69K),2014–2023,https://tinyurl.com/2co6wwh4
209. Yellowstone,8.6 (275K),2018–2024,https://tinyurl.com/29jfe39q
210. Impractical Jokers,8.6 (49K),2011– ,https://tinyurl.com/2bukt7s2
211. Spaced,8.5 (60K),1999–2001,https://tinyurl.com/24q965gt
212. Regular Show,8.6 (67K),2010–2017,https://tinyurl.com/2cauek63
213. Long Way Round,8.6 (16K),2004–2010,https://tinyurl.com/288a9fhs
214. Spartacus,8.5 (267K),2010–2013,https://tinyurl.com/2ajfok34
215. Jujutsu Kaisen,8.5 (154K),2020– ,https://tinyurl.com/23drjwhg
216. Twin Peaks,8.5 (83K),2017,https://tinyurl.com/2b3v7plt
217. Whose Line Is It Anyway?,8.5 (48K),1998–2007,https://tinyurl.com/2bfvbjpf
218. Derry Girls,8.5 (69K),2018–2022,https://tinyurl.com/25ly6ot9
219. Sons of Anarchy,8.5 (340K),2008–2014,https://tinyurl.com/27zfvmyy
220. Mob Psycho 100,8.5 (55K),2016–2022,https://tinyurl.com/2xkwk6tk
221. Louie,8.5 (84K),2010–2015,https://tinyurl.com/2cohk42g
222. The Eric Andre Show,8.5 (23K),2012– ,https://tinyurl.com/235548gm
223. Through the Wormhole,8.6 (19K),2010–2017,https://tinyurl.com/26hkbf2o
224. The Office,8.5 (128K),2001–2003,https://tinyurl.com/2yf6v7md
225. Hwan Hon,8.7 (23K),2022–2023,https://tinyurl.com/2dfapb8d
226. Shinseiki Evangelion,8.5 (98K),1995–1996,https://tinyurl.com/27dz8t5f
227. Trailer Park Boys,8.5 (55K),2001–2026,https://tinyurl.com/29onoxno
228. Spartacus: Gods of the Arena,8.5 (150K),2011,https://tinyurl.com/264wxbse
229. L'amica geniale,8.6 (22K),2018–2024,https://tinyurl.com/26umrdch
230. Schitt$ Creek,8.5 (161K),2015–2020,https://tinyurl.com/2yu73xac
231. Brass Eye,8.6 (12K),1997–2001,https://tinyurl.com/25d3gxga
232. Silicon Valley,8.5 (174K),2014–2019,https://tinyurl.com/29etxb4s
233. Skam,8.6 (41K),2015–2017,https://tinyurl.com/2yjv7fmx
234. Shameless,8.5 (311K),2011–2021,https://tinyurl.com/2dkub9cw
235. All Creatures Great & Small,8.6 (20K),2020– ,https://tinyurl.com/2cxp3qys
236. Rurôni Kenshin: Meiji kenkaku romantan - Tsuioku-hen,8.6 (17K),1999,https://tinyurl.com/2bxoq98h
237. Futurama,8.5 (271K),1999– ,https://tinyurl.com/26d4fdeu
238. Hagane no renkinjutsushi,8.5 (82K),2003–2004,https://tinyurl.com/27ke9chg
239. The Expanse,8.5 (183K),2015–2022,https://tinyurl.com/23phpz7w
240. Formula 1: Drive to Survive,8.5 (56K),2019– ,https://tinyurl.com/2ybjbt6z
241. North & South,8.5 (37K),2004,https://tinyurl.com/294qzbcf
242. Hannibal,8.5 (292K),2013–2015,https://tinyurl.com/288lzg8g
243. Doctor Who,8.5 (257K),2005–2022,https://tinyurl.com/2bmrc34g
244. Avrupa Yakasi,8.6 (23K),2004–2009,https://tinyurl.com/2blw2cwh
245. Gintama,8.7 (18K),2005–2021,https://tinyurl.com/24lfmwan
246. Isanghan byeonhosa Woo Young-woo,8.6 (33K),2022,https://tinyurl.com/2yreqbwg
247. Wentworth,8.6 (26K),2013–2021,https://tinyurl.com/28yc2xw8
248. From the Earth to the Moon,8.5 (14K),1998,https://tinyurl.com/223ty2l5
249. Umbre,8.7 (12K),2014–2019,https://tinyurl.com/2ag9a3mp
250. Sapne Vs Everyone,9.3 (73K),2023– ,https://tinyurl.com/28t42kbl
